slug,cornerstone_links,lateral_links
ai-mvp-builder-vs-no-code,"building-first-mvp-guide,no-code-vs-low-code-difference","ai-tools-product-managers,website-speed-optimization-guide"
seo-audit-tools-freelancers,"seo-audit-checklist,price-seo-services-freelancer","client-communication-seo-freelancers,local-seo-guide-small-business"
ai-review-response-generator-benefits,"customer-review-best-practices,online-reputation-management-small-business","ai-tools-customer-service,small-business-review-management"
website-speed-optimization-guide,"content-marketing-strategy-2024,local-seo-guide-small-business","ai-mvp-builder-vs-no-code,seo-audit-tools-freelancers"
content-marketing-strategy-2024,"website-speed-optimization-guide,ai-mvp-builder-vs-no-code","local-seo-guide-small-business,seo-audit-tools-freelancers"
local-seo-guide-small-business,"seo-audit-tools-freelancers,website-speed-optimization-guide","content-marketing-strategy-2024,ai-review-response-generator-benefits"
building-first-mvp-guide,"ai-mvp-builder-vs-no-code,no-code-vs-low-code-difference","ai-tools-product-managers,website-speed-optimization-guide"
no-code-vs-low-code-difference,"ai-mvp-builder-vs-no-code,building-first-mvp-guide","ai-tools-product-managers,content-marketing-strategy-2024"
ai-tools-product-managers,"ai-mvp-builder-vs-no-code,building-first-mvp-guide","no-code-vs-low-code-difference,website-speed-optimization-guide"
price-seo-services-freelancer,"seo-audit-tools-freelancers,seo-audit-checklist","client-communication-seo-freelancers,local-seo-guide-small-business"
seo-audit-checklist,"seo-audit-tools-freelancers,price-seo-services-freelancer","client-communication-seo-freelancers,website-speed-optimization-guide"
client-communication-seo-freelancers,"seo-audit-tools-freelancers,price-seo-services-freelancer","seo-audit-checklist,local-seo-guide-small-business"
online-reputation-management-small-business,"ai-review-response-generator-benefits,customer-review-best-practices","small-business-review-management,ai-tools-customer-service"
customer-review-best-practices,"ai-review-response-generator-benefits,online-reputation-management-small-business","small-business-review-management,ai-tools-customer-service"
ai-tools-customer-service,"ai-review-response-generator-benefits,customer-review-best-practices","online-reputation-management-small-business,small-business-review-management"
small-business-review-management,"online-reputation-management-small-business,customer-review-best-practices","ai-review-response-generator-benefits,ai-tools-customer-service"
